INSERT INTO professors (id, user_id, name, url_image) VALUES
  (20001, '64e2f1a1b3c4d5e6f7a8b9c0', 'John Smith', "https://randomuser.me/api/portraits/men/75.jpg"),
  (20002, '64e2f1a2b3c4d5e6f7a8b9c1', 'Jane Doe', "https://randomuser.me/api/portraits/women/12.jpg"),
  (20003, '64e2f1a3b3c4d5e6f7a8b9c2', 'Michael Johnson', "https://randomuser.me/api/portraits/men/39.jpg"),
  (20004, '64e2f1a4b3c4d5e6f7a8b9c3', 'Emily Davis', "https://randomuser.me/api/portraits/women/26.jpg"),
  (20005, '64e2f1a5b3c4d5e6f7a8b9c4', 'Chris Brown', "https://randomuser.me/api/portraits/men/1.jpg"),
  (20006, '64e2f1a6b3c4d5e6f7a8b9c5', 'Patricia Wilson', "https://randomuser.me/api/portraits/men/9.jpg"),
  (20007, '64e2f1a7b3c4d5e6f7a8b9c6', 'Robert Martinez', "https://randomuser.me/api/portraits/men/4.jpg"),
  (20008, '64e2f1a8b3c4d5e6f7a8b9c7', 'Linda Anderson', "https://randomuser.me/api/portraits/women/4.jpg"),
  (20009, '64e2f1a9b3c4d5e6f7a8b9c8', 'David Thomas', "https://randomuser.me/api/portraits/men/9.jpg"),
  (20010, '64e2f1aab3c4d5e6f7a8b9c9', 'Susan Taylor', "https://randomuser.me/api/portraits/men/47.jpg"),
  (20011, '64e2f1abb3c4d5e6f7a8b9ca', 'James Moore', "https://randomuser.me/api/portraits/men/13.jpg"),
  (20012, '64e2f1acb3c4d5e6f7a8b9cb', 'Barbara Jackson', "https://randomuser.me/api/portraits/women/8.jpg"),
  (20013, '64e2f1adb3c4d5e6f7a8b9cc', 'William White', "https://randomuser.me/api/portraits/men/16.jpg"),
  (20014, '64e2f1aeb3c4d5e6f7a8b9cd', 'Elizabeth Harris', "https://randomuser.me/api/portraits/men/39.jpg"),
  (20015, '64e2f1afb3c4d5e6f7a8b9ce', 'Joseph Martin', "https://randomuser.me/api/portraits/men/20.jpg");

INSERT INTO professional_titles (id_professor, title, institution) VALUES
  (20001, 'Licenciatura en Español y Literatura', 'Universidad Nacional de Colombia'),
  (20002, 'Licenciatura en Humanidades e Idiomas', 'Universidad del Valle'),
  (20003, 'Licenciatura en Lenguas Modernas', 'Universidad Pedagógica Naciona'),
  (20004, 'Licenciatura en Inglés', 'Universidad Distrital Francisco José de Caldas'),
  (20005, 'Licenciatura en Educación Física, Recreación y Deportes', 'Universidad Pedagógica Nacional'),
  (20006, 'Licenciatura en Deportes', 'Universidad del Cauca'),
  (20007, 'Licenciatura en Matemáticas', 'Universidad Nacional de Colombia'),
  (20008, 'Licenciatura en Educación Básica con Énfasis en Matemáticas', 'Universidad Pedagógica Nacional'),
  (20009, 'Ingeniería de Sistemas', 'Universidad de los Andes'),
  (20010, 'Licenciatura en Tecnología e Informática', 'Universidad Distrital Francisco José de Caldas'),
  (20011, 'Maestría en Ciencias de la Computación', 'Universidad Nacional de Colombia'),
  (20012, 'Licenciatura en Química', 'Universidad del Valle'),
  (20013, 'Licenciatura en Ciencias Naturales y Educación Ambiental', 'Universidad de Antioquia'),
  (20014, 'Licenciatura en Artes Plásticas', 'Universidad Nacional de Colombia'),
  (20015, 'Licenciatura en Física', 'Pontificia Universidad Javeriana');

INSERT INTO students (id, user_id, name, grade, biological_sex) VALUES
  (10001, '64e2f1acb3c4d5e6f7a8b9cf', 'Ana López', 10, 'Female'),
  (10002, '64e2f1acb3c4d5e6f7a8b9d0', 'Carlos Gómez', 11, 'Male'),
  (10003, '64e2f1acb3c4d5e6f7a8b9d1', 'María Fernández', 10, 'Female'),
  (10004, '64e2f1acb3c4d5e6f7a8b9d2', 'Juan Pérez', 11, 'Male'),
  (10005, '64e2f1acb3c4d5e6f7a8b9d3', 'Laura Rodríguez', 10, 'Female'),
  (10006, '64e2f1acb3c4d5e6f7a8b9d4', 'José Martínez', 11, 'Male'),
  (10007, '64e2f1acb3c4d5e6f7a8b9d5', 'Sofía García', 10, 'Female'),
  (10008, '64e2f1acb3c4d5e6f7a8b9d6', 'Diego González', 11, 'Male'),
  (10009, '64e2f1acb3c4d5e6f7a8b9d7', 'Isabel García', 10, 'Female'),
  (10010, '64e2f1acb3c4d5e6f7a8b9d8', 'Luis Fernández', 11, 'Male'),
  (10011, '64e2f1acb3c4d5e6f7a8b9d9', 'Marta Sánchez', 10, 'Female'),
  (10012, '64e2f1acb3c4d5e6f7a8b9da', 'David Díaz', 11, 'Male'),
  (10013, '64e2f1acb3c4d5e6f7a8b9db', 'Patricia Álvarez', 10, 'Female'),
  (10014, '64e2f1acb3c4d5e6f7a8b9dc', 'Pedro Ruiz', 11, 'Male'),
  (10015, '64e2f1acb3c4d5e6f7a8b9dd', 'Carmen Moreno', 10, 'Female'),
  (10016, '64e2f1acb3c4d5e6f7a8b9de', 'Raúl Pérez', 11, 'Male'),
  (10017, '64e2f1acb3c4d5e6f7a8b9df', 'Valeria Jiménez', 10, 'Female'),
  (10018, '64e2f1acb3c4d5e6f7a8b9e0', 'Fernando López', 11, 'Male'),
  (10019, '64e2f1acb3c4d5e6f7a8b9e1', 'Elena Martín', 10, 'Female'),
  (10020, '64e2f1acb3c4d5e6f7a8b9e2', 'José Hernández', 11, 'Male'),
  (10021, '64e2f1acb3c4d5e6f7a8b9e3', 'Lucía Romero', 10, 'Female'),
  (10022, '64e2f1acb3c4d5e6f7a8b9e4', 'Alejandro Silva', 11, 'Male'),
  (10023, '64e2f1acb3c4d5e6f7a8b9e5', 'Beatriz García', 10, 'Female'),
  (10024, '64e2f1acb3c4d5e6f7a8b9e6', 'Andrés Sánchez', 11, 'Male'),
  (10025, '64e2f1acb3c4d5e6f7a8b9e7', 'Raquel Torres', 10, 'Female');

INSERT INTO subjects (id, name, description, grade_required) VALUES
  (101, 'Cálculo Integral', 'Estudio de integrales y sus aplicaciones', 11),
  (102, 'Álgebra Lineal', 'Estudio de matrices y sistemas de ecuaciones lineales', 11),
  (103, 'Trigonometría', 'Funciones trigonométricas y sus aplicaciones', 10),
  (104, 'Química Orgánica', 'Estudio de compuestos orgánicos', 11),
  (105, 'Física Mecánica', 'Estudio del movimiento y sus leyes', 10),
  (106, 'Biología Molecular', 'Estructura y función de moléculas biológicas', 11),
  (107, 'Historia de Colombia', 'Análisis de los procesos históricos de Colombia', 10),
  (108, 'Filosofía Moderna', 'Estudio de los principales filósofos modernos', 11),
  (109, 'Inglés Avanzado', 'Desarrollo de habilidades avanzadas en el idioma inglés', 11),
  (110, 'Español y Redacción', 'Técnicas de escritura y análisis del idioma español', 10),
  (111, 'Programación Básica', 'Introducción a lenguajes de programación', 10),
  (112, 'Dibujo Técnico', 'Representación gráfica de objetos', 10),
  (113, 'Fútbol - Estrategia y Técnica Avanzada', 'Técnicas avanzadas de fútbol, como el control del balón, pases, tiros y tácticas ofensivas y defensivas.', 10);

INSERT INTO offers(launch_year, id_group, id_subject, id_professor) VALUES
  /* Subjects 11th */
  (2025, 1, 101, 20007),
  (2025, 2, 101, 20008),
  (2025, 1, 102, 20008),
  (2025, 1, 104, 20012),
  (2025, 1, 106, 20013),
  (2025, 1, 109, 20003),
  (2025, 2, 109, 20004),
/* Subjects 10th */
  (2025, 1, 103, 20007),
  (2025, 1, 105, 20015),
  (2025, 1, 110, 20001),
  (2025, 2, 110, 20002),
  (2025, 1, 111, 20009),
  (2025, 2, 111, 20010),
  (2025, 1, 112, 20005),
  (2025, 2, 112, 20006);